{"entities":{"pages":{"starter-topic":{"id":"starter-topic","title":"Mattermost Deployment Docs","url":"starter-topic.html","level":0,"tabIndex":0},"Scripts":{"id":"Scripts","title":"Scripts","url":"scripts.html","level":0,"pages":["kill-script","Helper-functions"],"tabIndex":1},"kill-script":{"id":"kill-script","title":"kill script","url":"kill-script.html","level":1,"parentId":"Scripts","tabIndex":0},"Helper-functions":{"id":"Helper-functions","title":"Helper functions","url":"helper-functions.html","level":1,"parentId":"Scripts","tabIndex":1},"Light-house-option":{"id":"Light-house-option","title":"Watchtower option","url":"light-house-option.html","level":0,"tabIndex":2},"Readonly-container":{"id":"Readonly-container","title":"Readonly container","url":"readonly-container.html","level":0,"tabIndex":3},"Timezone":{"id":"Timezone","title":"Timezone","url":"timezone.html","level":0,"tabIndex":4}}},"topLevelIds":["starter-topic","Scripts","Light-house-option","Readonly-container","Timezone"]}